{"metadata":{"asset_id":"75dafbad-5d37-4920-9f10-32d6aff3e33c","asset_attributes":["data_asset","directory_asset"],"name":"Climate_Data.csv","asset_type":"data_asset","created_at":"2024-08-20T15:15:22Z","origin_country":"us","owner_id":"IBMid-550007S1FX","project_id":"73b027d4-3788-4f99-bc6b-6b0a31a2a08e","size":34067,"usage":{"last_update_time":1724167917899,"last_updated_at":"2024-08-20T15:31:57Z"}},"entity":{"data_asset":{"mime_type":"text/csv","dataset":false},"directory_asset":{"path":""},"location_definition":{"physical_location_code_assignment_method":"INFERRED","physical_location_code":"FRA","physical_location_code_assigned_by":"IBMid-550007S1FX","physical_location_code_added_on":"1724166922774","physical_location_code_rds_version":"00002024-0820-4151-8151-500119000000_4","physical_location_code_rds_id":"c57cb90f-2126-3800-9c9f-9eab82021cdf"}},"attachments":[{"id":"b63eacd5-7949-4bfb-84c7-dce20911fc05","version":2,"asset_type":"data_asset","name":"Climate_Data.csv","mime":"text/csv","datasource_type":"193a97c1-4475-4a19-b90c-295c4fdc6517","object_key":"Climate_Data.csv","creator_id":"IBMid-550007S1FX","create_time":1724166922777,"size":34067,"is_remote":false,"is_managed":false,"is_referenced":true,"is_object_key_read_only":true,"is_user_provided_path_key":true,"transfer_complete":true,"is_partitioned":false,"complete_time_ticks":1724166922777,"user_data":{},"test_doc":0,"handle":{"bucket":"climatedataskillup-donotdelete-pr-vj0vs194esfoai","location":"eu-de","type":"bluemix_cos","key":"Climate_Data.csv","upload_id":"done","max_part_num":1},"usage":{"access_count":1,"last_accessor_id":"IBMid-550007S1FX","last_access_time":1724167917893,"last_updater_id":"IBMid-550007S1FX","last_update_time":1724167917893}}]}
