{"metadata":{"asset_id":"b84419c3-368a-4a31-a0f4-3378d402158a","asset_attributes":["notebook"],"name":"climate_data_skillup_online","asset_type":"notebook","created_at":"2024-08-20T15:18:18Z","description":"Find insights on python, pandas, numpy, watson studio etc with the data.","origin_country":"us","owner_id":"IBMid-550007S1FX","project_id":"73b027d4-3788-4f99-bc6b-6b0a31a2a08e","size":93880,"tags":["notebook"],"usage":{"last_update_time":1724857353616,"last_updated_at":"2024-08-28T15:02:33Z"}},"entity":{"notebook":{"kernel":{"name":"python3","display_name":"Python 3.10","language":"python"},"originates_from":{"type":"blank"},"runtime":{"environment":"rt231pys2-73b027d4-3788-4f99-bc6b-6b0a31a2a08e"}},"location_definition":{"physical_location_code":"FRA","physical_location_code_assigned_by":"IBMid-550007S1FX","physical_location_code_rds_id":"c57cb90f-2126-3800-9c9f-9eab82021cdf","physical_location_code_rds_version":"00002024-0820-4151-8151-500119000000_4","physical_location_code_assignment_method":"INFERRED","physical_location_code_added_on":"1724167099210"}},"attachments":[{"id":"364a9ee0-a050-4235-bc68-000ef1b23ddf","version":2,"asset_type":"notebook","name":"attachment for notebook b84419c3-368a-4a31-a0f4-3378d402158a","description":"attachment for notebook b84419c3-368a-4a31-a0f4-3378d402158a","mime":"application/json","datasource_type":"193a97c1-4475-4a19-b90c-295c4fdc6517","object_key":"notebook/climate_data_skillup_online_OGWP9D1wf.ipynb","creator_id":"IBMid-550007S1FX","create_time":1724167099213,"size":93880,"is_remote":false,"is_managed":false,"is_referenced":true,"is_object_key_read_only":false,"is_user_provided_path_key":true,"transfer_complete":true,"is_partitioned":false,"complete_time_ticks":1724167099213,"user_data":{},"test_doc":0,"handle":{"bucket":"climatedataskillup-donotdelete-pr-vj0vs194esfoai","location":"eu-de","type":"bluemix_cos","key":"notebook/climate_data_skillup_online_OGWP9D1wf.ipynb","upload_id":"done","max_part_num":1},"usage":{"access_count":47,"last_accessor_id":"IBMid-550007S1FX","last_access_time":1724857352046,"last_updater_id":"IBMid-550007S1FX","last_update_time":1724857352046}}]}
